{
    "visual_studio_code": 0.10001927055555557,
    "python": 0.09029565444444444,
    "javascript": 0.0055562575,
    "json": 0.00972361611111111,
    "java": 0.0027782124999999997,
    "github": 0.01111239861111111
}