{
    "Visual_Studio_Code": 0.020835391944444445,
    "Python": 0.015279110277777778,
    "JavaScript": 0.0013891094444444445,
    "GitHub": 0.0013891094444444445,
    "JSON": 0.005556281666666667
}