{
    "Visual_Studio_Code": 0.06806508055555556,
    "Python": 0.036115285277777784,
    "JavaScript": 0.019448190277777777,
    "GitHub": 0.029171560833333332,
    "JSON": 0.005556281666666667,
    "CSS": 0.0013890663888888888,
    "HTML": 0.008334304166666667
}